db_name,hex,h,s,v
air_force_blue_raf,#5d8aa8,0.5666666666666667,0.4464285714285714,0.6588235294117647
air_force_blue_usaf,#00308f,0.6107226107226107,1.0,0.5607843137254902
air_superiority_blue,#72a0c1,0.569620253164557,0.4093264248704663,0.7568627450980392
alabama_crimson,#a32638,0.976,0.7668711656441717,0.6392156862745098
alice_blue,#f0f8ff,0.5777777777777778,0.0588235294117647,1.0
alizarin_crimson,#e32636,0.9858906525573192,0.8325991189427312,0.8901960784313725
alloy_orange,#c46210,0.0759259259259259,0.9183673469387756,0.7686274509803922
almond,#efdecd,0.0833333333333333,0.1422594142259413,0.9372549019607844
amaranth,#e52b50,0.9668458781362008,0.8122270742358079,0.8980392156862745
amber,#ffbf00,0.1248366013071895,1.0,1.0
amber_sae_ece,#ff7e00,0.0823529411764705,1.0,1.0
american_rose,#ff033e,0.960978835978836,0.9882352941176472,1.0
amethyst,#96c,0.75,0.5,0.8
android_green,#a4c639,0.2068557919621749,0.7121212121212122,0.7764705882352941
anti_flash_white,#f2f3f4,0.5833333333333345,0.0081967213114754,0.9568627450980391
antique_brass,#cd9575,0.0606060606060606,0.4292682926829269,0.803921568627451
antique_fuchsia,#915c83,0.8773584905660378,0.3655172413793103,0.5686274509803921
antique_ruby,#841b2d,0.9714285714285714,0.7954545454545454,0.5176470588235295
antique_white,#faebd7,0.0952380952380951,0.1399999999999999,0.9803921568627452
ao_english,#008000,0.3333333333333333,1.0,0.5019607843137255
apple_green,#8db600,0.2042124542124542,1.0,0.7137254901960784
apricot,#fbceb1,0.0653153153153153,0.294820717131474,0.984313725490196
aqua,#0ff,0.5,1.0,1.0
aquamarine,#7fffd4,0.4440104166666667,0.5019607843137255,1.0
army_green,#4b5320,0.1928104575163398,0.6144578313253012,0.3254901960784314
arsenic,#3b444b,0.5729166666666666,0.2133333333333333,0.2941176470588235
arylide_yellow,#e9d66b,0.1415343915343915,0.5407725321888411,0.9137254901960784
ash_grey,#b2beb5,0.3750000000000002,0.0631578947368421,0.7450980392156863
asparagus,#87a96b,0.2580645161290322,0.3668639053254438,0.6627450980392157
atomic_tangerine,#f96,0.0555555555555555,0.6,1.0
auburn,#a52a2a,0.0,0.7454545454545455,0.6470588235294118
aureolin,#fdee00,0.1567852437417654,1.0,0.992156862745098
aurometalsaurus,#6e7f80,0.5092592592592592,0.1406249999999999,0.5019607843137255
avocado,#568203,0.2244094488188976,0.9769230769230768,0.5098039215686274
azure,#007fff,0.5836601307189543,1.0,1.0
azure_mist_web,#f0ffff,0.5,0.0588235294117647,1.0
baby_blue,#89cff0,0.5533980582524272,0.4291666666666667,0.9411764705882352
baby_blue_eyes,#a1caf1,0.5812499999999999,0.3319502074688796,0.9450980392156862
baby_pink,#f4c2c2,0.0,0.2049180327868853,0.9568627450980391
ball_blue,#21abcd,0.5329457364341086,0.8390243902439025,0.803921568627451
banana_mania,#fae7b5,0.1207729468599034,0.2759999999999999,0.9803921568627452
banana_yellow,#ffe135,0.1419141914191419,0.792156862745098,1.0
barn_red,#7c0a02,0.0109289617486338,0.9838709677419354,0.4862745098039215
battleship_grey,#848482,0.1666666666666666,0.0151515151515153,0.5176470588235295
bazaar,#98777b,0.9797979797979798,0.2171052631578947,0.596078431372549
beau_blue,#bcd4e6,0.5714285714285714,0.1826086956521738,0.9019607843137256
beaver,#9f8170,0.0602836879432623,0.2955974842767295,0.6235294117647059
beige,#f5f5dc,0.1666666666666666,0.1020408163265305,0.9607843137254902
big_dip_o_ruby,#9c2542,0.9593837535014006,0.7628205128205128,0.611764705882353
bisque,#ffe4c4,0.0903954802259887,0.2313725490196078,1.0
bistre,#3d2b1f,0.0666666666666666,0.4918032786885246,0.2392156862745098
bittersweet,#fe6f5e,0.0177083333333333,0.6299212598425197,0.996078431372549
bittersweet_shimmer,#bf4f51,0.9970238095238096,0.5863874345549738,0.7490196078431373
black,#000,0.0,0.0,0.0
black_bean,#3d0c02,0.0282485875706214,0.9672131147540984,0.2392156862745098
black_leather_jacket,#253529,0.375,0.3018867924528302,0.2078431372549019
black_olive,#3b3c36,0.1944444444444443,0.1,0.2352941176470588
blanched_almond,#ffebcd,0.0999999999999999,0.196078431372549,1.0
blast_off_bronze,#a57164,0.0333333333333333,0.393939393939394,0.6470588235294118
bleu_de_france,#318ce7,0.5833333333333334,0.7878787878787878,0.9058823529411764
blizzard_blue,#ace5ee,0.5227272727272727,0.2773109243697478,0.9333333333333332
blond,#faf0be,0.1388888888888889,0.2399999999999999,0.9803921568627452
blue,#00f,0.6666666666666666,1.0,1.0
blue_bell,#a2a2d0,0.6666666666666666,0.2211538461538462,0.8156862745098039
blue_crayola,#1f75fe,0.6023916292974589,0.8779527559055118,0.996078431372549
blue_gray,#69c,0.5833333333333334,0.5,0.8
blue_green,#0d98ba,0.5327552986512524,0.9301075268817204,0.7294117647058823
blue_munsell,#0093af,0.5266666666666667,1.0,0.6862745098039216
blue_ncs,#0087bd,0.5476190476190476,1.0,0.7411764705882353
blue_pigment,#339,0.6666666666666666,0.6666666666666666,0.6
blue_ryb,#0247fe,0.621031746031746,0.9921259842519684,0.996078431372549
blue_sapphire,#126180,0.546969696969697,0.859375,0.5019607843137255
blue_violet,#8a2be2,0.7531876138433516,0.8097345132743362,0.8862745098039215
blush,#de5d83,0.950904392764858,0.581081081081081,0.8705882352941177
bole,#79443b,0.0241935483870967,0.512396694214876,0.4745098039215686
bondi_blue,#0095b6,0.5302197802197802,1.0,0.7137254901960784
bone,#e3dac9,0.1089743589743589,0.1145374449339206,0.8901960784313725
boston_university_red,#c00,0.0,1.0,0.8
bottle_green,#006a4e,0.4559748427672956,1.0,0.4156862745098039
boysenberry,#873260,0.9098039215686274,0.6296296296296297,0.5294117647058824
brandeis_blue,#0070ff,0.5934640522875817,1.0,1.0
brass,#b5a642,0.144927536231884,0.6353591160220994,0.7098039215686275
brick_red,#cb4154,0.9770531400966184,0.6798029556650246,0.796078431372549
bright_cerulean,#1dacd6,0.5378378378378378,0.8644859813084111,0.8392156862745098
bright_green,#6f0,0.2666666666666666,1.0,1.0
bright_lavender,#bf94e4,0.75625,0.3508771929824561,0.8941176470588236
bright_maroon,#c32148,0.9598765432098766,0.8307692307692308,0.7647058823529411
bright_pink,#ff007f,0.9169934640522877,1.0,1.0
bright_turquoise,#08e8de,0.4925595238095238,0.9655172413793104,0.9098039215686274
bright_ube,#d19fe8,0.7808219178082192,0.3146551724137931,0.9098039215686274
brilliant_lavender,#f4bbff,0.806372549019608,0.2666666666666667,1.0
brilliant_rose,#ff55a3,0.923529411764706,0.6666666666666667,1.0
brink_pink,#fb607f,0.9666666666666668,0.6175298804780877,0.984313725490196
british_racing_green,#004225,0.4267676767676767,1.0,0.2588235294117647
bronze,#cd7f32,0.0827956989247311,0.7560975609756098,0.803921568627451
brown_traditional,#964b00,0.0833333333333333,1.0,0.5882352941176471
brown_web,#a52a2a,0.0,0.7454545454545455,0.6470588235294118
bubble_gum,#ffc1cc,0.9704301075268816,0.2431372549019608,1.0
bubbles,#e7feff,0.5069444444444444,0.0941176470588235,1.0
buff,#f0dc82,0.1363636363636363,0.4583333333333333,0.9411764705882352
bulgarian_rose,#480607,0.9974747474747476,0.9166666666666664,0.2823529411764706
burgundy,#800020,0.9583333333333334,1.0,0.5019607843137255
burlywood,#deb887,0.0938697318007662,0.3918918918918919,0.8705882352941177
burnt_orange,#c50,0.0694444444444444,1.0,0.8
burnt_sienna,#e97451,0.0383771929824561,0.6523605150214592,0.9137254901960784
burnt_umber,#8a3324,0.0245098039215686,0.7391304347826086,0.5411764705882353
byzantine,#bd33a4,0.8635265700483092,0.7301587301587302,0.7411764705882353
byzantium,#702963,0.863849765258216,0.6339285714285715,0.4392156862745098
cadet,#536872,0.5537634408602151,0.2719298245614035,0.4470588235294118
cadet_blue,#5f9ea0,0.5051282051282051,0.40625,0.6274509803921569
cadet_grey,#91a3b0,0.5698924731182796,0.1761363636363636,0.6901960784313725
cadmium_green,#006b3c,0.4267912772585669,1.0,0.4196078431372549
cadmium_orange,#ed872d,0.0781249999999999,0.810126582278481,0.9294117647058824
cadmium_red,#e30022,0.97503671071953,1.0,0.8901960784313725
cadmium_yellow,#fff600,0.1607843137254902,1.0,1.0
caf_au_lait,#a67b5b,0.0711111111111111,0.4518072289156626,0.6509803921568628
caf_noir,#4b3621,0.0833333333333333,0.5599999999999999,0.2941176470588235
cal_poly_green,#1e4d2b,0.3794326241134751,0.6103896103896104,0.3019607843137254
cambridge_blue,#a3c1ad,0.388888888888889,0.155440414507772,0.7568627450980392
camel,#c19a6b,0.0910852713178294,0.4455958549222797,0.7568627450980392
cameo_pink,#efbbcc,0.9455128205128204,0.2175732217573222,0.9372549019607844
camouflage_green,#78866b,0.2530864197530864,0.2014925373134328,0.5254901960784314
canary_yellow,#ffef00,0.1562091503267973,1.0,1.0
candy_apple_red,#ff0800,0.0052287581699346,1.0,1.0
candy_pink,#e4717a,0.9869565217391304,0.5043859649122807,0.8941176470588236
capri,#00bfff,0.5418300653594771,1.0,1.0
caput_mortuum,#592720,0.0204678362573099,0.6404494382022472,0.3490196078431372
cardinal,#c41e3a,0.9718875502008032,0.846938775510204,0.7686274509803922
caribbean_green,#0c9,0.4583333333333333,1.0,0.8
carmine,#960018,0.9733333333333334,1.0,0.5882352941176471
carmine_m_p,#d70040,0.9503875968992248,1.0,0.8431372549019608
carmine_pink,#eb4c42,0.009861932938856,0.7191489361702127,0.9215686274509804
carmine_red,#ff0038,0.9633986928104576,1.0,1.0
carnation_pink,#ffa6c9,0.9344569288389514,0.3490196078431372,1.0
carnelian,#b31b1b,0.0,0.8491620111731845,0.7019607843137254
carolina_blue,#99badd,0.5857843137254902,0.3076923076923077,0.8666666666666667
carrot_orange,#ed9121,0.0915032679738562,0.8607594936708861,0.9294117647058824
catalina_blue,#062a78,0.6140350877192983,0.95,0.4705882352941176
ceil,#92a1cf,0.6256830601092896,0.2946859903381643,0.8117647058823529
celadon,#ace1af,0.3427672955974842,0.2355555555555555,0.8823529411764706
celadon_blue,#007ba7,0.5439121756487025,1.0,0.6549019607843137
celadon_green,#2f847c,0.4843137254901961,0.6439393939393939,0.5176470588235295
celeste_colour,#b2ffff,0.5,0.3019607843137255,1.0
celestial_blue,#4997d0,0.5703703703703703,0.6490384615384616,0.8156862745098039
cerise,#de3163,0.9518304431599228,0.7792792792792793,0.8705882352941177
cerise_pink,#ec3b83,0.9322033898305084,0.7499999999999999,0.9254901960784314
cerulean,#007ba7,0.5439121756487025,1.0,0.6549019607843137
cerulean_blue,#2a52be,0.6216216216216216,0.7789473684210527,0.7450980392156863
cerulean_frost,#6d9bc3,0.5775193798449613,0.441025641025641,0.7647058823529411
cg_blue,#007aa5,0.5434343434343435,1.0,0.6470588235294118
cg_red,#e03c31,0.0104761904761904,0.78125,0.8784313725490196
chamoisee,#a0785a,0.0714285714285714,0.4374999999999999,0.6274509803921569
champagne,#fad6a5,0.096078431372549,0.3399999999999999,0.9803921568627452
charcoal,#36454f,0.5666666666666668,0.3164556962025316,0.3098039215686274
charm_pink,#e68fac,0.9444444444444444,0.3782608695652174,0.9019607843137256
chartreuse_traditional,#dfff00,0.1875816993464052,1.0,1.0
chartreuse_web,#7fff00,0.2503267973856209,1.0,1.0
cherry,#de3163,0.9518304431599228,0.7792792792792793,0.8705882352941177
cherry_blossom_pink,#ffb7c5,0.9675925925925926,0.2823529411764706,1.0
chestnut,#cd5c5c,0.0,0.551219512195122,0.803921568627451
china_pink,#de6fa1,0.924924924924925,0.5,0.8705882352941177
china_rose,#a8516e,0.9444444444444444,0.5178571428571429,0.6588235294117647
chinese_red,#aa381e,0.0309523809523809,0.8235294117647058,0.6666666666666666
chocolate_traditional,#7b3f00,0.0853658536585365,1.0,0.4823529411764706
chocolate_web,#d2691e,0.0694444444444444,0.8571428571428571,0.8235294117647058
chrome_yellow,#ffa700,0.1091503267973856,1.0,1.0
cinereous,#98817b,0.0344827586206896,0.1907894736842105,0.596078431372549
cinnabar,#e34234,0.0133333333333333,0.7709251101321587,0.8901960784313725
cinnamon,#d2691e,0.0694444444444444,0.8571428571428571,0.8235294117647058
citrine,#e4d00a,0.1513761467889908,0.9561403508771932,0.8941176470588236
classic_rose,#fbcce7,0.9042553191489362,0.1872509960159361,0.984313725490196
cobalt,#0047ab,0.5974658869395711,1.0,0.6705882352941176
cocoa_brown,#d2691e,0.0694444444444444,0.8571428571428571,0.8235294117647058
coffee,#6f4e37,0.0684523809523809,0.5045045045045045,0.4352941176470588
columbia_blue,#9bddff,0.5566666666666666,0.3921568627450981,1.0
congo_pink,#f88379,0.0131233595800524,0.5120967741935484,0.9725490196078432
cool_black,#002e63,0.5892255892255892,1.0,0.388235294117647
cool_grey,#8c92ac,0.6354166666666669,0.1860465116279069,0.6745098039215687
copper,#b87333,0.0802005012531328,0.7228260869565216,0.7215686274509804
copper_crayola,#da8a67,0.0507246376811594,0.5275229357798165,0.8549019607843137
copper_penny,#ad6f69,0.0147058823529411,0.393063583815029,0.6784313725490196
copper_red,#cb6d51,0.0382513661202185,0.6009852216748769,0.796078431372549
copper_rose,#966,0.0,0.3333333333333332,0.6
coquelicot,#ff3800,0.0366013071895424,1.0,1.0
coral,#ff7f50,0.0447619047619047,0.6862745098039216,1.0
coral_pink,#f88379,0.0131233595800524,0.5120967741935484,0.9725490196078432
coral_red,#ff4040,0.0,0.7490196078431373,1.0
cordovan,#893f45,0.9864864864864864,0.5401459854014599,0.5372549019607843
corn,#fbec5d,0.15084388185654,0.6294820717131475,0.984313725490196
cornell_red,#b31b1b,0.0,0.8491620111731845,0.7019607843137254
cornflower_blue,#6495ed,0.6070559610705596,0.5780590717299579,0.9294117647058824
cornsilk,#fff8dc,0.1333333333333333,0.1372549019607842,1.0
cosmic_latte,#fff8e7,0.1180555555555555,0.0941176470588235,1.0
cotton_candy,#ffbcd9,0.927860696517413,0.2627450980392156,1.0
cream,#fffdd0,0.1595744680851064,0.1843137254901961,1.0
crimson,#dc143c,0.9666666666666668,0.9090909090909092,0.8627450980392157
crimson_glory,#be0032,0.956140350877193,1.0,0.7450980392156863
cyan,#0ff,0.5,1.0,1.0
cyan_process,#00b7eb,0.5368794326241134,1.0,0.9215686274509804
daffodil,#ffff31,0.1666666666666666,0.807843137254902,1.0
dandelion,#f0e130,0.1536458333333333,0.8,0.9411764705882352
dark_blue,#00008b,0.6666666666666666,1.0,0.5450980392156862
dark_brown,#654321,0.0833333333333333,0.6732673267326732,0.396078431372549
dark_byzantium,#5d3954,0.875,0.3870967741935483,0.3647058823529411
dark_candy_apple_red,#a40000,0.0,1.0,0.6431372549019608
dark_cerulean,#08457e,0.5805084745762712,0.9365079365079364,0.4941176470588235
dark_chestnut,#986960,0.0267857142857142,0.3684210526315789,0.596078431372549
dark_coral,#cd5b45,0.0269607843137254,0.6634146341463416,0.803921568627451
dark_cyan,#008b8b,0.5,1.0,0.5450980392156862
dark_electric_blue,#536878,0.5720720720720721,0.3083333333333333,0.4705882352941176
dark_goldenrod,#b8860b,0.1184971098265895,0.940217391304348,0.7215686274509804
dark_gray,#a9a9a9,0.0,0.0,0.6627450980392157
dark_green,#013220,0.4387755102040816,0.98,0.196078431372549
dark_imperial_blue,#00416a,0.5644654088050315,1.0,0.4156862745098039
dark_jungle_green,#1a2421,0.45,0.2777777777777778,0.1411764705882353
dark_khaki,#bdb76b,0.1544715447154471,0.4338624338624339,0.7411764705882353
dark_lava,#483c32,0.0757575757575757,0.3055555555555556,0.2823529411764706
dark_lavender,#734f96,0.7511737089201879,0.4733333333333333,0.5882352941176471
dark_magenta,#8b008b,0.8333333333333334,1.0,0.5450980392156862
dark_midnight_blue,#036,0.5833333333333334,1.0,0.4
dark_olive_green,#556b2f,0.2277777777777777,0.5607476635514018,0.4196078431372549
dark_orange,#ff8c00,0.0915032679738562,1.0,1.0
dark_orchid,#9932cc,0.7781385281385281,0.7549019607843138,0.8
dark_pastel_blue,#779ecb,0.5892857142857143,0.4137931034482758,0.796078431372549
dark_pastel_green,#03c03c,0.3835978835978835,0.984375,0.7529411764705882
dark_pastel_purple,#966fd6,0.7297734627831716,0.4813084112149532,0.8392156862745098
dark_pastel_red,#c23b22,0.0260416666666666,0.8247422680412372,0.7607843137254902
dark_pink,#e75480,0.9501133786848072,0.6363636363636364,0.9058823529411764
dark_powder_blue,#039,0.611111111111111,1.0,0.6
dark_raspberry,#872657,0.915807560137457,0.7185185185185184,0.5294117647058824
dark_red,#8b0000,0.0,1.0,0.5450980392156862
dark_salmon,#e9967a,0.042042042042042,0.4763948497854077,0.9137254901960784
dark_scarlet,#560319,0.9558232931726908,0.9651162790697674,0.3372549019607843
dark_sea_green,#8fbc8f,0.3333333333333333,0.2393617021276596,0.7372549019607844
dark_sienna,#3c1414,0.0,0.6666666666666666,0.2352941176470588
dark_slate_blue,#483d8b,0.6901709401709403,0.5611510791366905,0.5450980392156862
dark_slate_gray,#2f4f4f,0.5,0.4050632911392405,0.3098039215686274
dark_spring_green,#177245,0.4175824175824176,0.7982456140350876,0.4470588235294118
dark_tan,#918151,0.125,0.4413793103448276,0.5686274509803921
dark_tangerine,#ffa812,0.1054852320675105,0.9294117647058824,1.0
dark_taupe,#483c32,0.0757575757575757,0.3055555555555556,0.2823529411764706
dark_terra_cotta,#cc4e5c,0.9814814814814816,0.6176470588235294,0.8
dark_turquoise,#00ced1,0.5023923444976076,1.0,0.8196078431372549
dark_violet,#9400d3,0.783570300157978,1.0,0.8274509803921568
dark_yellow,#9b870c,0.1433566433566433,0.9225806451612903,0.6078431372549019
dartmouth_green,#00703c,0.4226190476190476,1.0,0.4392156862745098
davy_s_grey,#555,0.0,0.0,0.3333333333333333
debian_red,#d70a53,0.9406504065040652,0.9534883720930232,0.8431372549019608
deep_carmine,#a9203e,0.9635036496350364,0.8106508875739645,0.6627450980392157
deep_carmine_pink,#ef3038,0.9930191972076788,0.799163179916318,0.9372549019607844
deep_carrot_orange,#e9692c,0.0537918871252204,0.8111587982832619,0.9137254901960784
deep_cerise,#da3287,0.9156746031746033,0.7706422018348624,0.8549019607843137
deep_champagne,#fad6a5,0.096078431372549,0.3399999999999999,0.9803921568627452
deep_chestnut,#b94e48,0.0088495575221239,0.6108108108108108,0.7254901960784313
deep_coffee,#704241,0.0035460992907801,0.4196428571428571,0.4392156862745098
deep_fuchsia,#c154c1,0.8333333333333334,0.5647668393782384,0.7568627450980392
deep_jungle_green,#004b49,0.4955555555555555,1.0,0.2941176470588235
deep_lilac,#95b,0.7777777777777778,0.5454545454545454,0.7333333333333333
deep_magenta,#c0c,0.8333333333333334,1.0,0.8
deep_peach,#ffcba4,0.0714285714285713,0.3568627450980391,1.0
deep_pink,#ff1493,0.9099290780141844,0.9215686274509804,1.0
deep_ruby,#843f5b,0.932367149758454,0.5227272727272727,0.5176470588235295
deep_saffron,#f93,0.0833333333333333,0.8,1.0
deep_sky_blue,#00bfff,0.5418300653594771,1.0,1.0
deep_tuscan_red,#66424d,0.9490740740740742,0.3529411764705882,0.4
denim,#1560bd,0.5922619047619048,0.8888888888888888,0.7411764705882353
desert,#c19a6b,0.0910852713178294,0.4455958549222797,0.7568627450980392
desert_sand,#edc9af,0.0698924731182795,0.2616033755274262,0.9294117647058824
dim_gray,#696969,0.0,0.0,0.4117647058823529
dodger_blue,#1e90ff,0.5822222222222222,0.8823529411764706,1.0
dogwood_rose,#d71868,0.9301919720767888,0.8883720930232558,0.8431372549019608
dollar_bill,#85bb65,0.2713178294573643,0.4598930481283422,0.7333333333333333
drab,#967117,0.1181102362204724,0.8466666666666667,0.5882352941176471
duke_blue,#00009c,0.6666666666666666,1.0,0.611764705882353
earth_yellow,#e1a95f,0.0948717948717948,0.5777777777777777,0.8823529411764706
ebony,#555d50,0.2692307692307692,0.1397849462365591,0.3647058823529411
ecru,#c2b280,0.1262626262626262,0.3402061855670102,0.7607843137254902
eggplant,#614051,0.914141414141414,0.3402061855670102,0.3803921568627451
eggshell,#f0ead6,0.1282051282051281,0.1083333333333333,0.9411764705882352
egyptian_blue,#1034a6,0.6266666666666666,0.9036144578313252,0.6509803921568628
electric_blue,#7df9ff,0.5076923076923077,0.5098039215686274,1.0
electric_crimson,#ff003f,0.9588235294117649,1.0,1.0
electric_cyan,#0ff,0.5,1.0,1.0
electric_green,#0f0,0.3333333333333333,1.0,1.0
electric_indigo,#6f00ff,0.7392156862745098,1.0,1.0
electric_lavender,#f4bbff,0.806372549019608,0.2666666666666667,1.0
electric_lime,#cf0,0.1999999999999999,1.0,1.0
electric_purple,#bf00ff,0.7915032679738562,1.0,1.0
electric_ultramarine,#3f00ff,0.707843137254902,1.0,1.0
electric_violet,#8f00ff,0.7601307189542483,1.0,1.0
electric_yellow,#ff0,0.1666666666666666,1.0,1.0
emerald,#50c878,0.3888888888888889,0.6,0.7843137254901961
english_lavender,#b48395,0.9387755102040816,0.2722222222222223,0.7058823529411765
eton_blue,#96c8a2,0.3733333333333333,0.2499999999999999,0.7843137254901961
fallow,#c19a6b,0.0910852713178294,0.4455958549222797,0.7568627450980392
falu_red,#801818,0.0,0.8125,0.5019607843137255
fandango,#b53389,0.8897435897435897,0.718232044198895,0.7098039215686275
fashion_fuchsia,#f400a1,0.8900273224043715,1.0,0.9568627450980391
fawn,#e5aa70,0.0826210826210826,0.5109170305676856,0.8980392156862745
feldgrau,#4d5d53,0.3958333333333334,0.1720430107526881,0.3647058823529411
fern_green,#4f7942,0.2939393939393939,0.4545454545454545,0.4745098039215686
ferrari_red,#ff2800,0.0261437908496732,1.0,1.0
field_drab,#6c541e,0.1153846153846153,0.7222222222222223,0.4235294117647059
fire_engine_red,#ce2029,0.9913793103448276,0.8446601941747572,0.807843137254902
firebrick,#b22222,0.0,0.8089887640449438,0.6980392156862745
flame,#e25822,0.046875,0.8495575221238938,0.8862745098039215
flamingo_pink,#fc8eac,0.9545454545454546,0.4365079365079365,0.9882352941176472
flavescent,#f7e98e,0.1444444444444444,0.4251012145748987,0.9686274509803922
flax,#eedc82,0.1388888888888889,0.453781512605042,0.9333333333333332
floral_white,#fffaf0,0.111111111111111,0.0588235294117647,1.0
fluorescent_orange,#ffbf00,0.1248366013071895,1.0,1.0
fluorescent_pink,#ff1493,0.9099290780141844,0.9215686274509804,1.0
fluorescent_yellow,#cf0,0.1999999999999999,1.0,1.0
folly,#ff004f,0.9483660130718954,1.0,1.0
forest_green_traditional,#014421,0.4129353233830846,0.9852941176470588,0.2666666666666666
forest_green_web,#228b22,0.3333333333333333,0.7553956834532375,0.5450980392156862
french_beige,#a67b5b,0.0711111111111111,0.4518072289156626,0.6509803921568628
french_blue,#0072bb,0.5650623885918004,1.0,0.7333333333333333
french_lilac,#86608e,0.8043478260869565,0.323943661971831,0.5568627450980392
french_lime,#cf0,0.1999999999999999,1.0,1.0
french_raspberry,#c72c48,0.9698924731182796,0.7788944723618091,0.7803921568627451
french_rose,#f64a8a,0.937984496124031,0.6991869918699187,0.9647058823529412
fuchsia,#f0f,0.8333333333333334,1.0,1.0
fuchsia_crayola,#c154c1,0.8333333333333334,0.5647668393782384,0.7568627450980392
fuchsia_pink,#f7f,0.8333333333333334,0.5333333333333333,1.0
fuchsia_rose,#c74375,0.9368686868686869,0.6633165829145727,0.7803921568627451
fulvous,#e48400,0.0964912280701754,1.0,0.8941176470588236
fuzzy_wuzzy,#c66,0.0,0.5,0.8
gainsboro,#dcdcdc,0.0,0.0,0.8627450980392157
gamboge,#e49b0f,0.109546165884194,0.9342105263157896,0.8941176470588236
ghost_white,#f8f8ff,0.6666666666666666,0.0274509803921568,1.0
ginger,#b06500,0.0956439393939393,1.0,0.6901960784313725
glaucous,#6082b6,0.6007751937984497,0.4725274725274725,0.7137254901960784
glitter,#e6e8fa,0.65,0.0799999999999999,0.9803921568627452
gold_metallic,#d4af37,0.1273885350318471,0.7405660377358491,0.8313725490196079
gold_web_golden,#ffd700,0.1405228758169934,1.0,1.0
golden_brown,#996515,0.101010101010101,0.8627450980392156,0.6
golden_poppy,#fcc200,0.1283068783068782,1.0,0.9882352941176472
golden_yellow,#ffdf00,0.1457516339869281,1.0,1.0
goldenrod,#daa520,0.1191756272401433,0.8532110091743119,0.8549019607843137
granny_smith_apple,#a8e4a0,0.3137254901960784,0.2982456140350877,0.8941176470588236
gray,#808080,0.0,0.0,0.5019607843137255
gray_asparagus,#465945,0.3249999999999999,0.2247191011235955,0.3490196078431372
gray_html_css_gray,#808080,0.0,0.0,0.5019607843137255
gray_x11_gray,#bebebe,0.0,0.0,0.7450980392156863
green_color_wheel_x11_green,#0f0,0.3333333333333333,1.0,1.0
green_crayola,#1cac78,0.4398148148148148,0.8372093023255813,0.6745098039215687
green_html_css_green,#008000,0.3333333333333333,1.0,0.5019607843137255
green_munsell,#00a877,0.4513888888888889,1.0,0.6588235294117647
green_ncs,#009f6b,0.4454926624737945,1.0,0.6235294117647059
green_pigment,#00a550,0.4141414141414141,1.0,0.6470588235294118
green_ryb,#66b032,0.2645502645502645,0.7159090909090909,0.6901960784313725
green_yellow,#adff2f,0.2323717948717948,0.8156862745098039,1.0
grullo,#a99a86,0.0952380952380951,0.2071005917159762,0.6627450980392157
guppie_green,#00ff7f,0.4163398692810457,1.0,1.0
halay_be,#663854,0.8985507246376812,0.4509803921568628,0.4
han_blue,#446ccf,0.6187050359712231,0.6714975845410629,0.8117647058823529
han_purple,#5218fa,0.7094395280235988,0.904,0.9803921568627452
hansa_yellow,#e9d66b,0.1415343915343915,0.5407725321888411,0.9137254901960784
harlequin,#3fff00,0.292156862745098,1.0,1.0
harvard_crimson,#c90016,0.9817578772802652,1.0,0.788235294117647
harvest_gold,#da9100,0.1108562691131498,1.0,0.8549019607843137
heart_gold,#808000,0.1666666666666666,1.0,0.5019607843137255
heliotrope,#df73ff,0.7952380952380952,0.5490196078431373,1.0
hollywood_cerise,#f400a1,0.8900273224043715,1.0,0.9568627450980391
honeydew,#f0fff0,0.3333333333333333,0.0588235294117647,1.0
honolulu_blue,#007fbf,0.555846422338569,1.0,0.7490196078431373
hooker_s_green,#49796b,0.4513888888888889,0.396694214876033,0.4745098039215686
hot_magenta,#ff1dce,0.8694690265486725,0.8862745098039215,1.0
hot_pink,#ff69b4,0.9166666666666666,0.5882352941176471,1.0
hunter_green,#355e3b,0.3577235772357723,0.4361702127659574,0.3686274509803922
iceberg,#71a6d2,0.5756013745704467,0.4619047619047619,0.8235294117647058
icterine,#fcf75e,0.1613924050632911,0.626984126984127,0.9882352941176472
imperial_blue,#002395,0.62751677852349,1.0,0.5843137254901961
inchworm,#b2ec5d,0.2342657342657342,0.6059322033898304,0.9254901960784314
india_green,#138808,0.3190104166666667,0.9411764705882352,0.5333333333333333
indian_red,#cd5c5c,0.0,0.551219512195122,0.803921568627451
indian_yellow,#e3a857,0.0964285714285714,0.6167400881057269,0.8901960784313725
indigo,#6f00ff,0.7392156862745098,1.0,1.0
indigo_dye,#00416a,0.5644654088050315,1.0,0.4156862745098039
indigo_web,#4b0082,0.7628205128205128,1.0,0.5098039215686274
international_klein_blue,#002fa7,0.6197604790419161,1.0,0.6549019607843137
international_orange_aerospace,#ff4f00,0.0516339869281045,1.0,1.0
international_orange_engineering,#ba160c,0.0095785440613026,0.935483870967742,0.7294117647058823
international_orange_golden_gate_bridge,#c0362c,0.0112612612612612,0.7708333333333333,0.7529411764705882
iris,#5a4fcf,0.6809895833333334,0.6183574879227053,0.8117647058823529
isabelline,#f4f0ec,0.083333333333333,0.0327868852459016,0.9568627450980391
islamic_green,#009000,0.3333333333333333,1.0,0.5647058823529412
ivory,#fffff0,0.1666666666666666,0.0588235294117647,1.0
jade,#00a86b,0.439484126984127,1.0,0.6588235294117647
jasmine,#f8de7e,0.1311475409836065,0.4919354838709677,0.9725490196078432
jasper,#d73b3e,0.9967948717948718,0.7255813953488373,0.8431372549019608
jazzberry_jam,#a50b5e,0.9101731601731602,0.9333333333333332,0.6470588235294118
jet,#343434,0.0,0.0,0.2039215686274509
jonquil,#fada5e,0.1324786324786324,0.624,0.9803921568627452
june_bud,#bdda57,0.203562340966921,0.6009174311926605,0.8549019607843137
jungle_green,#29ab87,0.4538461538461538,0.7602339181286549,0.6705882352941176
kelly_green,#4cbb17,0.2794715447154471,0.8770053475935828,0.7333333333333333
kenyan_copper,#7c1c05,0.0322128851540616,0.9596774193548387,0.4862745098039215
khaki_html_css_khaki,#c3b091,0.1033333333333333,0.2564102564102564,0.7647058823529411
khaki_x11_light_khaki,#f0e68c,0.15,0.4166666666666666,0.9411764705882352
ku_crimson,#e8000d,0.9906609195402298,1.0,0.9098039215686274
la_salle_green,#087830,0.3928571428571428,0.9333333333333332,0.4705882352941176
languid_lavender,#d6cadd,0.7719298245614036,0.0859728506787331,0.8666666666666667
lapis_lazuli,#26619c,0.5833333333333334,0.7564102564102564,0.611764705882353
laser_lemon,#fefe22,0.1666666666666666,0.8661417322834646,0.996078431372549
laurel_green,#a9ba9d,0.2643678160919541,0.1559139784946235,0.7294117647058823
lava,#cf1020,0.9860383944153578,0.9227053140096618,0.8117647058823529
lavender_blue,#ccf,0.6666666666666666,0.1999999999999999,1.0
lavender_blush,#fff0f5,0.9444444444444444,0.0588235294117647,1.0
lavender_floral,#b57edc,0.7641843971631205,0.4272727272727273,0.8627450980392157
lavender_gray,#c4c3d0,0.6794871794871797,0.0625,0.8156862745098039
lavender_indigo,#9457eb,0.7353603603603603,0.6297872340425532,0.9215686274509804
lavender_magenta,#ee82ee,0.8333333333333334,0.453781512605042,0.9333333333333332
lavender_mist,#e6e6fa,0.6666666666666666,0.0799999999999999,0.9803921568627452
lavender_pink,#fbaed2,0.922077922077922,0.3067729083665338,0.984313725490196
lavender_purple,#967bb6,0.7429378531073446,0.3241758241758242,0.7137254901960784
lavender_rose,#fba0e3,0.8772893772893773,0.3625498007968127,0.984313725490196
lavender_web,#e6e6fa,0.6666666666666666,0.0799999999999999,0.9803921568627452
lawn_green,#7cfc00,0.2513227513227513,1.0,0.9882352941176472
lemon,#fff700,0.161437908496732,1.0,1.0
lemon_chiffon,#fffacd,0.1499999999999999,0.196078431372549,1.0
lemon_lime,#e3ff00,0.1849673202614379,1.0,1.0
licorice,#1a1110,0.0166666666666666,0.3846153846153846,0.1019607843137254
light_apricot,#fdd5b1,0.0789473684210526,0.3003952569169961,0.992156862745098
light_blue,#add8e6,0.5409356725146198,0.2478260869565217,0.9019607843137256
light_brown,#b5651d,0.0789473684210526,0.8397790055248618,0.7098039215686275
light_carmine_pink,#e66771,0.9868766404199476,0.5521739130434783,0.9019607843137256
light_coral,#f08080,0.0,0.4666666666666667,0.9411764705882352
light_cornflower_blue,#93ccea,0.557471264367816,0.3717948717948718,0.9176470588235294
light_crimson,#f56991,0.9523809523809524,0.5714285714285715,0.9607843137254902
light_cyan,#e0ffff,0.5,0.1215686274509804,1.0
light_fuchsia_pink,#f984ef,0.8475783475783476,0.4698795180722891,0.976470588235294
light_goldenrod_yellow,#fafad2,0.1666666666666666,0.16,0.9803921568627452
light_gray,#d3d3d3,0.0,0.0,0.8274509803921568
light_green,#90ee90,0.3333333333333333,0.3949579831932773,0.9333333333333332
light_khaki,#f0e68c,0.15,0.4166666666666666,0.9411764705882352
light_pastel_purple,#b19cd9,0.7240437158469946,0.2811059907834101,0.8509803921568627
light_pink,#ffb6c1,0.9748858447488584,0.2862745098039215,1.0
light_red_ochre,#e97451,0.0383771929824561,0.6523605150214592,0.9137254901960784
light_salmon,#ffa07a,0.0476190476190476,0.5215686274509803,1.0
light_salmon_pink,#f99,0.0,0.4,1.0
light_sea_green,#20b2aa,0.4908675799086757,0.8202247191011236,0.6980392156862745
light_sky_blue,#87cefa,0.563768115942029,0.4599999999999999,0.9803921568627452
light_slate_gray,#789,0.5833333333333334,0.2222222222222221,0.6
light_taupe,#b38b6d,0.0714285714285714,0.3910614525139664,0.7019607843137254
light_thulian_pink,#e68fac,0.9444444444444444,0.3782608695652174,0.9019607843137256
light_yellow,#ffffe0,0.1666666666666666,0.1215686274509804,1.0
lilac,#c8a2c8,0.8333333333333334,0.19,0.7843137254901961
lime_color_wheel,#bfff00,0.2084967320261438,1.0,1.0
lime_green,#32cd32,0.3333333333333333,0.7560975609756098,0.803921568627451
lime_web_x11_green,#0f0,0.3333333333333333,1.0,1.0
limerick,#9dc209,0.1999999999999999,0.9536082474226804,0.7607843137254902
lincoln_green,#195905,0.2936507936507936,0.9438202247191012,0.3490196078431372
linen,#faf0e6,0.0833333333333333,0.0799999999999999,0.9803921568627452
lion,#c19a6b,0.0910852713178294,0.4455958549222797,0.7568627450980392
little_boy_blue,#6ca0dc,0.5892857142857143,0.5090909090909091,0.8627450980392157
liver,#534b4f,0.9166666666666666,0.0963855421686746,0.3254901960784314
lust,#e62020,0.0,0.8608695652173913,0.9019607843137256
magenta,#f0f,0.8333333333333334,1.0,1.0
magenta_dye,#ca1f7b,0.9103313840155944,0.8465346534653465,0.792156862745098
magenta_process,#ff0090,0.9058823529411764,1.0,1.0
magic_mint,#aaf0d1,0.4261904761904762,0.2916666666666667,0.9411764705882352
magnolia,#f8f4ff,0.7272727272727271,0.0431372549019607,1.0
mahogany,#c04000,0.0555555555555555,1.0,0.7529411764705882
maize,#fbec5d,0.15084388185654,0.6294820717131475,0.984313725490196
majorelle_blue,#6050dc,0.6857142857142856,0.6363636363636364,0.8627450980392157
malachite,#0bda51,0.3896940418679548,0.9495412844036698,0.8549019607843137
manatee,#979aaa,0.6403508771929826,0.1117647058823528,0.6666666666666666
mango_tango,#ff8243,0.0558510638297872,0.7372549019607844,1.0
mantis,#74c365,0.3067375886524823,0.482051282051282,0.7647058823529411
mardi_gras,#880085,0.8370098039215687,1.0,0.5333333333333333
maroon_crayola,#c32148,0.9598765432098766,0.8307692307692308,0.7647058823529411
maroon_html_css,#800000,0.0,1.0,0.5019607843137255
maroon_x11,#b03060,0.9375,0.7272727272727273,0.6901960784313725
mauve,#e0b0ff,0.7679324894514767,0.3098039215686274,1.0
mauve_taupe,#915f6d,0.9533333333333334,0.3448275862068965,0.5686274509803921
mauvelous,#ef98aa,0.9655172413793104,0.3640167364016736,0.9372549019607844
maya_blue,#73c2fb,0.5698529411764706,0.5418326693227091,0.984313725490196
meat_brown,#e5b73b,0.1215686274509803,0.7423580786026202,0.8980392156862745
medium_aquamarine,#6da,0.4285714285714285,0.5384615384615384,0.8666666666666667
medium_blue,#0000cd,0.6666666666666666,1.0,0.803921568627451
medium_candy_apple_red,#e2062c,0.9712121212121212,0.9734513274336284,0.8862745098039215
medium_carmine,#af4035,0.0150273224043715,0.6971428571428571,0.6862745098039216
medium_champagne,#f3e5ab,0.1342592592592593,0.2962962962962963,0.9529411764705882
medium_electric_blue,#035096,0.5793650793650794,0.98,0.5882352941176471
medium_jungle_green,#1c352d,0.4466666666666667,0.4716981132075472,0.2078431372549019
medium_lavender_magenta,#dda0dd,0.8333333333333334,0.2760180995475113,0.8666666666666667
medium_orchid,#ba55d3,0.8002645502645502,0.5971563981042654,0.8274509803921568
medium_persian_blue,#0067a5,0.5626262626262627,1.0,0.6470588235294118
medium_purple,#9370db,0.721183800623053,0.4885844748858447,0.8588235294117647
medium_red_violet,#bb3385,0.8995098039215685,0.7272727272727272,0.7333333333333333
medium_ruby,#aa4069,0.9355345911949684,0.6235294117647059,0.6666666666666666
medium_sea_green,#3cb371,0.4075630252100841,0.664804469273743,0.7019607843137254
medium_slate_blue,#7b68ee,0.6902985074626865,0.5630252100840336,0.9333333333333332
medium_spring_bud,#c9dc87,0.203921568627451,0.3863636363636364,0.8627450980392157
medium_spring_green,#00fa9a,0.436,1.0,0.9803921568627452
medium_taupe,#674c47,0.0260416666666666,0.3106796116504854,0.403921568627451
medium_turquoise,#48d1cc,0.4939172749391727,0.6555023923444976,0.8196078431372549
medium_tuscan_red,#79443b,0.0241935483870967,0.512396694214876,0.4745098039215686
medium_vermilion,#d9603b,0.0390295358649789,0.7281105990783411,0.8509803921568627
medium_violet_red,#c71585,0.8951310861423221,0.8944723618090452,0.7803921568627451
mellow_apricot,#f8b878,0.0833333333333333,0.5161290322580645,0.9725490196078432
mellow_yellow,#f8de7e,0.1311475409836065,0.4919354838709677,0.9725490196078432
melon,#fdbcb4,0.0182648401826484,0.2885375494071146,0.992156862745098
midnight_blue,#191970,0.6666666666666666,0.7767857142857143,0.4392156862745098
midnight_green_eagle_green,#004953,0.5200803212851406,1.0,0.3254901960784314
mikado_yellow,#ffc40c,0.1262002743484225,0.9529411764705882,1.0
mint,#3eb489,0.4392655367231637,0.6555555555555556,0.7058823529411765
mint_cream,#f5fffa,0.4166666666666664,0.0392156862745097,1.0
mint_green,#98ff98,0.3333333333333333,0.403921568627451,1.0
misty_rose,#ffe4e1,0.0166666666666667,0.1176470588235294,1.0
moccasin,#faebd7,0.0952380952380951,0.1399999999999999,0.9803921568627452
mode_beige,#967117,0.1181102362204724,0.8466666666666667,0.5882352941176471
moonstone_blue,#73a9c2,0.5527426160337553,0.4072164948453607,0.7607843137254902
mordant_red_19,#ae0c00,0.0114942528735632,1.0,0.6823529411764706
moss_green,#addfad,0.3333333333333333,0.2242152466367712,0.8745098039215686
mountain_meadow,#30ba8f,0.4480676328502415,0.7419354838709677,0.7294117647058823
mountbatten_pink,#997a8d,0.8978494623655914,0.2026143790849672,0.6
msu_green,#18453b,0.4629629629629629,0.6521739130434783,0.2705882352941176
mulberry,#c54b8c,0.9112021857923496,0.6192893401015228,0.7725490196078432
mustard,#ffdb58,0.1307385229540918,0.6549019607843137,1.0
myrtle,#21421e,0.3194444444444444,0.5454545454545455,0.2588235294117647
nadeshiko_pink,#f6adc6,0.9429223744292238,0.2967479674796748,0.9647058823529412
napier_green,#2a8000,0.2786458333333333,1.0,0.5019607843137255
naples_yellow,#fada5e,0.1324786324786324,0.624,0.9803921568627452
navajo_white,#ffdead,0.0995934959349593,0.3215686274509803,1.0
navy_blue,#000080,0.6666666666666666,1.0,0.5019607843137255
neon_carrot,#ffa343,0.0851063829787233,0.7372549019607844,1.0
neon_fuchsia,#fe4164,0.9691358024691358,0.7440944881889764,0.996078431372549
neon_green,#39ff14,0.3070921985815603,0.9215686274509804,1.0
new_york_pink,#d7837f,0.0075757575757575,0.4093023255813953,0.8431372549019608
non_photo_blue,#a4dded,0.5365296803652968,0.3080168776371307,0.9294117647058824
north_texas_green,#059033,0.3884892086330935,0.9652777777777776,0.5647058823529412
ocean_boat_blue,#0077be,0.5622807017543859,1.0,0.7450980392156863
ochre,#c72,0.0833333333333333,0.8333333333333334,0.8
office_green,#008000,0.3333333333333333,1.0,0.5019607843137255
old_gold,#cfb53b,0.1373873873873874,0.714975845410628,0.8117647058823529
old_lace,#fdf5e6,0.108695652173913,0.0909090909090909,0.992156862745098
old_lavender,#796878,0.8431372549019608,0.140495867768595,0.4745098039215686
old_mauve,#673147,0.9320987654320988,0.5242718446601942,0.403921568627451
old_rose,#c08081,0.9973958333333334,0.3333333333333333,0.7529411764705882
olive,#808000,0.1666666666666666,1.0,0.5019607843137255
olive_drab_7,#3c341f,0.1206896551724138,0.4833333333333333,0.2352941176470588
olive_drab_web_olive_drab_3,#6b8e23,0.2211838006230529,0.7535211267605634,0.5568627450980392
olivine,#9ab973,0.2404761904761905,0.3783783783783783,0.7254901960784313
onyx,#353839,0.5416666666666669,0.0701754385964912,0.2235294117647059
opera_mauve,#b784a7,0.8856209150326797,0.2786885245901638,0.7176470588235294
orange_color_wheel,#ff7f00,0.0830065359477124,1.0,1.0
orange_peel,#ff9f00,0.1039215686274509,1.0,1.0
orange_red,#ff4500,0.0450980392156862,1.0,1.0
orange_ryb,#fb9902,0.1010709504685408,0.9920318725099602,0.984313725490196
orange_web_color,#ffa500,0.1078431372549019,1.0,1.0
orchid,#da70d6,0.8396226415094339,0.4862385321100917,0.8549019607843137
otter_brown,#654321,0.0833333333333333,0.6732673267326732,0.396078431372549
ou_crimson_red,#900,0.0,1.0,0.6
outer_space,#414a4c,0.5303030303030302,0.1447368421052632,0.2980392156862745
outrageous_orange,#ff6e4a,0.0331491712707182,0.7098039215686274,1.0
oxford_blue,#002147,0.5892018779342724,1.0,0.2784313725490196
pakistan_green,#060,0.3333333333333333,1.0,0.4
palatinate_blue,#273be2,0.6488413547237076,0.827433628318584,0.8862745098039215
palatinate_purple,#682860,0.8541666666666666,0.6153846153846154,0.4078431372549019
pale_aqua,#bcd4e6,0.5714285714285714,0.1826086956521738,0.9019607843137256
pale_blue,#afeeee,0.5,0.2647058823529412,0.9333333333333332
pale_brown,#987654,0.0833333333333333,0.4473684210526316,0.596078431372549
pale_carmine,#af4035,0.0150273224043715,0.6971428571428571,0.6862745098039216
pale_cerulean,#9bc4e2,0.5704225352112675,0.3141592920353983,0.8862745098039215
pale_chestnut,#ddadaf,0.9930555555555556,0.2171945701357465,0.8666666666666667
pale_copper,#da8a67,0.0507246376811594,0.5275229357798165,0.8549019607843137
pale_cornflower_blue,#abcdef,0.5833333333333334,0.2845188284518829,0.9372549019607844
pale_gold,#e6be8a,0.0942028985507246,0.4,0.9019607843137256
pale_goldenrod,#eee8aa,0.1519607843137254,0.2857142857142857,0.9333333333333332
pale_green,#98fb98,0.3333333333333333,0.3944223107569721,0.984313725490196
pale_lavender,#dcd0ff,0.7092198581560284,0.1843137254901961,1.0
pale_magenta,#f984e5,0.8618233618233618,0.4698795180722891,0.976470588235294
pale_pink,#fadadd,0.984375,0.128,0.9803921568627452
pale_plum,#dda0dd,0.8333333333333334,0.2760180995475113,0.8666666666666667
pale_red_violet,#db7093,0.9454828660436138,0.4885844748858447,0.8588235294117647
pale_robin_egg_blue,#96ded1,0.4699074074074074,0.3243243243243243,0.8705882352941177
pale_silver,#c9c0bb,0.0595238095238096,0.0696517412935323,0.788235294117647
pale_spring_bud,#ecebbd,0.1631205673758864,0.1991525423728813,0.9254901960784314
pale_taupe,#bc987e,0.0698924731182795,0.3297872340425532,0.7372549019607844
pale_violet_red,#db7093,0.9454828660436138,0.4885844748858447,0.8588235294117647
pansy_purple,#78184a,0.9131944444444444,0.8,0.4705882352941176
papaya_whip,#ffefd5,0.1031746031746031,0.1647058823529411,1.0
paris_green,#50c878,0.3888888888888889,0.6,0.7843137254901961
pastel_blue,#aec6cf,0.5454545454545454,0.1594202898550724,0.8117647058823529
pastel_brown,#836953,0.0763888888888888,0.3664122137404579,0.5137254901960784
pastel_gray,#cfcfc4,0.1666666666666666,0.0531400966183574,0.8117647058823529
pastel_green,#7d7,0.3333333333333333,0.4615384615384615,0.8666666666666667
pastel_magenta,#f49ac2,0.925925925925926,0.3688524590163935,0.9568627450980391
pastel_orange,#ffb347,0.0978260869565217,0.7215686274509804,1.0
pastel_pink,#dea5a4,0.0028735632183907,0.2612612612612612,0.8705882352941177
pastel_purple,#b39eb5,0.8188405797101447,0.1270718232044199,0.7098039215686275
pastel_red,#ff6961,0.0084388185654008,0.6196078431372549,1.0
pastel_violet,#cb99c9,0.84,0.2463054187192118,0.796078431372549
pastel_yellow,#fdfd96,0.1666666666666666,0.4071146245059288,0.992156862745098
patriarch,#800080,0.8333333333333334,1.0,0.5019607843137255
payne_s_grey,#536878,0.5720720720720721,0.3083333333333333,0.4705882352941176
peach,#ffe5b4,0.1088888888888889,0.2941176470588235,1.0
peach_crayola,#ffcba4,0.0714285714285713,0.3568627450980391,1.0
peach_orange,#fc9,0.0833333333333333,0.4,1.0
peach_puff,#ffdab9,0.0785714285714285,0.2745098039215686,1.0
peach_yellow,#fadfad,0.1082251082251082,0.3079999999999999,0.9803921568627452
pear,#d1e231,0.1826741996233521,0.7831858407079646,0.8862745098039215
pearl,#eae0c8,0.1176470588235294,0.1452991452991452,0.9176470588235294
pearl_aqua,#88d8c0,0.45,0.3703703703703703,0.8470588235294118
pearly_purple,#b768a2,0.8776371308016878,0.4316939890710383,0.7176470588235294
peridot,#e6e200,0.1637681159420289,1.0,0.9019607843137256
periwinkle,#ccf,0.6666666666666666,0.1999999999999999,1.0
persian_blue,#1c39bb,0.6362683438155136,0.8502673796791445,0.7333333333333333
persian_green,#00a693,0.4809236947791164,1.0,0.6509803921568628
persian_indigo,#32127a,0.717948717948718,0.8524590163934426,0.4784313725490196
persian_orange,#d99058,0.0723514211886304,0.5944700460829493,0.8509803921568627
persian_pink,#f77fbe,0.9125,0.48582995951417,0.9686274509803922
persian_plum,#701c1c,0.0,0.75,0.4392156862745098
persian_red,#c33,0.0,0.7500000000000001,0.8
persian_rose,#fe28a2,0.9049844236760124,0.8425196850393701,0.996078431372549
persimmon,#ec5800,0.0621468926553672,1.0,0.9254901960784314
peru,#cd853f,0.0821596244131455,0.6926829268292682,0.803921568627451
phlox,#df00ff,0.8124183006535949,1.0,1.0
phthalo_blue,#000f89,0.648418491484185,1.0,0.5372549019607843
phthalo_green,#123524,0.419047619047619,0.6603773584905661,0.2078431372549019
piggy_pink,#fddde6,0.953125,0.1264822134387351,0.992156862745098
pine_green,#01796f,0.4861111111111111,0.9917355371900828,0.4745098039215686
pink,#ffc0cb,0.9708994708994708,0.2470588235294117,1.0
pink_lace,#ffddf4,0.8872549019607843,0.1333333333333333,1.0
pink_orange,#f96,0.0555555555555555,0.6,1.0
pink_pearl,#e7accf,0.9011299435028248,0.2554112554112553,0.9058823529411764
pink_sherbet,#f78fa7,0.9615384615384616,0.4210526315789473,0.9686274509803922
pistachio,#93c572,0.2670682730923695,0.4213197969543147,0.7725490196078432
platinum,#e5e4e2,0.1111111111111116,0.0131004366812227,0.8980392156862745
plum_traditional,#8e4585,0.8538812785388128,0.5140845070422536,0.5568627450980392
plum_web,#dda0dd,0.8333333333333334,0.2760180995475113,0.8666666666666667
portland_orange,#ff5a36,0.0298507462686567,0.788235294117647,1.0
powder_blue_web,#b0e0e6,0.5185185185185185,0.2347826086956522,0.9019607843137256
princeton_orange,#ff8f00,0.0934640522875817,1.0,1.0
prune,#701c1c,0.0,0.75,0.4392156862745098
prussian_blue,#003153,0.5682730923694779,1.0,0.3254901960784314
psychedelic_purple,#df00ff,0.8124183006535949,1.0,1.0
puce,#c89,0.9583333333333334,0.3333333333333333,0.8
pumpkin,#ff7518,0.067099567099567,0.9058823529411764,1.0
purple_heart,#69359c,0.7508090614886731,0.6602564102564102,0.611764705882353
purple_html_css,#800080,0.8333333333333334,1.0,0.5019607843137255
purple_mountain_majesty,#9678b6,0.7473118279569894,0.3406593406593406,0.7137254901960784
purple_munsell,#9f00c5,0.8011844331641286,1.0,0.7725490196078432
purple_pizzazz,#fe4eda,0.8674242424242424,0.6929133858267716,0.996078431372549
purple_taupe,#50404d,0.8645833333333334,0.2,0.3137254901960784
purple_x11,#a020f0,0.7692307692307692,0.8666666666666667,0.9411764705882352
quartz,#51484f,0.8703703703703702,0.111111111111111,0.3176470588235294
rackley,#5d8aa8,0.5666666666666667,0.4464285714285714,0.6588235294117647
radical_red,#ff355e,0.9661716171617162,0.792156862745098,1.0
rajah,#fbab60,0.0806451612903225,0.6175298804780877,0.984313725490196
raspberry,#e30b5d,0.9367283950617284,0.9515418502202644,0.8901960784313725
raspberry_glace,#915f6d,0.9533333333333334,0.3448275862068965,0.5686274509803921
raspberry_pink,#e25098,0.9178082191780822,0.6460176991150443,0.8862745098039215
raspberry_rose,#b3446c,0.93993993993994,0.6201117318435754,0.7019607843137254
raw_umber,#826644,0.0913978494623656,0.4769230769230769,0.5098039215686274
razzle_dazzle_rose,#f3c,0.875,0.8,1.0
razzmatazz,#e3256b,0.9385964912280702,0.8370044052863436,0.8901960784313725
red,#f00,0.0,1.0,1.0
red_brown,#a52a2a,0.0,0.7454545454545455,0.6470588235294118
red_devil,#860111,0.9799498746867168,0.9925373134328358,0.5254901960784314
red_munsell,#f2003c,0.9586776859504132,1.0,0.9490196078431372
red_ncs,#c40233,0.9579037800687286,0.9897959183673468,0.7686274509803922
red_orange,#ff5349,0.0091575091575091,0.7137254901960784,1.0
red_pigment,#ed1c24,0.9936204146730464,0.8818565400843882,0.9294117647058824
red_ryb,#fe2712,0.0148305084745762,0.9291338582677166,0.996078431372549
red_violet,#c71585,0.8951310861423221,0.8944723618090452,0.7803921568627451
redwood,#ab4e52,0.992831541218638,0.5438596491228069,0.6705882352941176
regalia,#522d80,0.7409638554216867,0.6484374999999999,0.5019607843137255
resolution_blue,#002387,0.6234567901234568,1.0,0.5294117647058824
rich_black,#004040,0.5,1.0,0.2509803921568627
rich_brilliant_lavender,#f1a7fe,0.8084291187739464,0.3425196850393701,0.996078431372549
rich_carmine,#d70040,0.9503875968992248,1.0,0.8431372549019608
rich_electric_blue,#0892d0,0.5516666666666666,0.9615384615384616,0.8156862745098039
rich_lavender,#a76bcf,0.7666666666666666,0.4830917874396135,0.8117647058823529
rich_lilac,#b666d2,0.7901234567901234,0.5142857142857142,0.8235294117647058
rich_maroon,#b03060,0.9375,0.7272727272727273,0.6901960784313725
rifle_green,#414833,0.2222222222222222,0.2916666666666666,0.2823529411764706
robin_egg_blue,#0cc,0.5,1.0,0.8
rose,#ff007f,0.9169934640522877,1.0,1.0
rose_bonbon,#f9429e,0.9162112932604736,0.7349397590361445,0.976470588235294
rose_ebony,#674846,0.01010101010101,0.3203883495145631,0.403921568627451
rose_gold,#b76e79,0.9748858447488584,0.3989071038251366,0.7176470588235294
rose_madder,#e32636,0.9858906525573192,0.8325991189427312,0.8901960784313725
rose_pink,#f6c,0.8888888888888888,0.6,1.0
rose_quartz,#aa98a9,0.8425925925925926,0.1058823529411764,0.6666666666666666
rose_taupe,#905d5d,0.0,0.3541666666666667,0.5647058823529412
rose_vale,#ab4e52,0.992831541218638,0.5438596491228069,0.6705882352941176
rosewood,#65000b,0.9818481848184818,1.0,0.396078431372549
rosso_corsa,#d40000,0.0,1.0,0.8313725490196079
rosy_brown,#bc8f8f,0.0,0.2393617021276596,0.7372549019607844
royal_azure,#0038a8,0.611111111111111,1.0,0.6588235294117647
royal_blue_traditional,#002366,0.6094771241830065,1.0,0.4
royal_blue_web,#4169e1,0.625,0.7111111111111111,0.8823529411764706
royal_fuchsia,#ca2c92,0.8924050632911392,0.7821782178217822,0.792156862745098
royal_purple,#7851a9,0.7405303030303031,0.5207100591715976,0.6627450980392157
royal_yellow,#fada5e,0.1324786324786324,0.624,0.9803921568627452
rubine_red,#d10056,0.9314194577352471,1.0,0.8196078431372549
ruby,#e0115f,0.9371980676328502,0.9241071428571428,0.8784313725490196
ruby_red,#9b111e,0.9842995169082126,0.8903225806451613,0.6078431372549019
ruddy,#ff0028,0.9738562091503268,1.0,1.0
ruddy_brown,#bb6528,0.0691609977324263,0.786096256684492,0.7333333333333333
ruddy_pink,#e18e96,0.9839357429718876,0.3688888888888888,0.8823529411764706
rufous,#a81c07,0.0217391304347826,0.9583333333333331,0.6588235294117647
russet,#80461b,0.0709570957095709,0.7890625,0.5019607843137255
rust,#b7410e,0.0502958579881656,0.9234972677595628,0.7176470588235294
rusty_red,#da2c43,0.977969348659004,0.798165137614679,0.8549019607843137
sacramento_state_green,#00563f,0.4554263565891472,1.0,0.3372549019607843
saddle_brown,#8b4513,0.0694444444444444,0.8633093525179856,0.5450980392156862
safety_orange_blaze_orange,#ff6700,0.0673202614379085,1.0,1.0
saffron,#f4c430,0.1258503401360544,0.8032786885245902,0.9568627450980391
salmon,#ff8c69,0.0388888888888889,0.5882352941176471,1.0
salmon_pink,#ff91a4,0.9712121212121212,0.4313725490196078,1.0
sand,#c2b280,0.1262626262626262,0.3402061855670102,0.7607843137254902
sand_dune,#967117,0.1181102362204724,0.8466666666666667,0.5882352941176471
sandstorm,#ecd540,0.1443798449612403,0.728813559322034,0.9254901960784314
sandy_brown,#f4a460,0.0765765765765765,0.6065573770491803,0.9568627450980391
sandy_taupe,#967117,0.1181102362204724,0.8466666666666667,0.5882352941176471
sangria,#92000a,0.9885844748858448,1.0,0.5725490196078431
sap_green,#507d2a,0.2570281124497992,0.6639999999999999,0.4901960784313725
sapphire,#0f52ba,0.601364522417154,0.9193548387096774,0.7294117647058823
sapphire_blue,#0067a5,0.5626262626262627,1.0,0.6470588235294118
satin_sheen_gold,#cba135,0.12,0.7389162561576355,0.796078431372549
scarlet,#ff2400,0.0235294117647058,1.0,1.0
scarlet_crayola,#fd0e35,0.9728033472803348,0.9446640316205532,0.992156862745098
school_bus_yellow,#ffd800,0.1411764705882353,1.0,1.0
screamin_green,#76ff7a,0.3381995133819951,0.5372549019607843,1.0
sea_blue,#006994,0.5484234234234234,1.0,0.5803921568627451
sea_green,#2e8b57,0.4068100358422939,0.6690647482014388,0.5450980392156862
seal_brown,#321414,0.0,0.6,0.196078431372549
seashell,#fff5ee,0.0686274509803922,0.0666666666666666,1.0
selective_yellow,#ffba00,0.1215686274509803,1.0,1.0
sepia,#704214,0.0833333333333333,0.8214285714285714,0.4392156862745098
shadow,#8a795d,0.1037037037037037,0.3260869565217391,0.5411764705882353
shamrock_green,#009e60,0.4345991561181435,1.0,0.6196078431372549
shocking_pink,#fc0fc0,0.8755274261603375,0.9404761904761904,0.9882352941176472
shocking_pink_crayola,#ff6fff,0.8333333333333334,0.5647058823529412,1.0
sienna,#882d17,0.0324483775811209,0.8308823529411764,0.5333333333333333
silver,#c0c0c0,0.0,0.0,0.7529411764705882
sinopia,#cb410b,0.0468749999999999,0.9458128078817736,0.796078431372549
skobeloff,#007474,0.5,1.0,0.4549019607843137
sky_blue,#87ceeb,0.5483333333333333,0.4255319148936169,0.9215686274509804
sky_magenta,#cf71af,0.8900709219858156,0.4541062801932367,0.8117647058823529
slate_blue,#6a5acd,0.6898550724637681,0.5609756097560975,0.803921568627451
slate_gray,#708090,0.5833333333333334,0.2222222222222222,0.5647058823529412
smalt_dark_powder_blue,#039,0.611111111111111,1.0,0.6
smokey_topaz,#933d41,0.992248062015504,0.585034013605442,0.5764705882352941
smoky_black,#100c08,0.0833333333333333,0.5,0.0627450980392156
snow,#fffafa,0.0,0.0196078431372549,1.0
spiro_disco_ball,#0fc0fc,0.5421940928270043,0.9404761904761904,0.9882352941176472
spring_bud,#a7fc00,0.2228835978835979,1.0,0.9882352941176472
spring_green,#00ff7f,0.4163398692810457,1.0,1.0
st_patrick_s_blue,#23297a,0.6551724137931034,0.7131147540983607,0.4784313725490196
steel_blue,#4682b4,0.5757575757575758,0.611111111111111,0.7058823529411765
stil_de_grain_yellow,#fada5e,0.1324786324786324,0.624,0.9803921568627452
stizza,#900,0.0,1.0,0.6
stormcloud,#4f666a,0.5246913580246914,0.2547169811320754,0.4156862745098039
straw,#e4d96f,0.1509971509971509,0.5131578947368421,0.8941176470588236
sunglow,#fc3,0.125,0.8,1.0
sunset,#fad6a5,0.096078431372549,0.3399999999999999,0.9803921568627452
tan,#d2b48c,0.0952380952380952,0.3333333333333332,0.8235294117647058
tangelo,#f94d00,0.0515394912985274,1.0,0.976470588235294
tangerine,#f28500,0.0915977961432507,1.0,0.9490196078431372
tangerine_yellow,#fc0,0.1333333333333333,1.0,1.0
tango_pink,#e4717a,0.9869565217391304,0.5043859649122807,0.8941176470588236
taupe,#483c32,0.0757575757575757,0.3055555555555556,0.2823529411764706
taupe_gray,#8b8589,0.8888888888888888,0.0431654676258991,0.5450980392156862
tea_green,#d0f0c0,0.2777777777777778,0.2,0.9411764705882352
tea_rose_orange,#f88379,0.0131233595800524,0.5120967741935484,0.9725490196078432
tea_rose_rose,#f4c2c2,0.0,0.2049180327868853,0.9568627450980391
teal,#008080,0.5,1.0,0.5019607843137255
teal_blue,#367588,0.5386178861788617,0.6029411764705882,0.5333333333333333
teal_green,#00827f,0.4961538461538461,1.0,0.5098039215686274
telemagenta,#cf3476,0.9290322580645162,0.7487922705314011,0.8117647058823529
tenn_tawny,#cd5700,0.0707317073170731,1.0,0.803921568627451
terra_cotta,#e2725b,0.028395061728395,0.5973451327433628,0.8862745098039215
thistle,#d8bfd8,0.8333333333333334,0.1157407407407407,0.8470588235294118
thulian_pink,#de6fa1,0.924924924924925,0.5,0.8705882352941177
tickle_me_pink,#fc89ac,0.9492753623188406,0.4563492063492064,0.9882352941176472
tiffany_blue,#0abab5,0.4952651515151515,0.946236559139785,0.7294117647058823
tiger_s_eye,#e08d3c,0.0823170731707317,0.7321428571428571,0.8784313725490196
timberwolf,#dbd7d2,0.0925925925925928,0.0410958904109588,0.8588235294117647
titanium_yellow,#eee600,0.1610644257703081,1.0,0.9333333333333332
tomato,#ff6347,0.0253623188405797,0.7215686274509804,1.0
toolbox,#746cc0,0.6825396825396824,0.4375,0.7529411764705882
topaz,#ffc87c,0.0966921119592875,0.5137254901960784,1.0
tractor_red,#fd0e35,0.9728033472803348,0.9446640316205532,0.992156862745098
trolley_grey,#808080,0.0,0.0,0.5019607843137255
tropical_rain_forest,#00755e,0.4672364672364672,1.0,0.4588235294117647
true_blue,#0073cf,0.5740740740740741,1.0,0.8117647058823529
tufts_blue,#417dc1,0.5885416666666666,0.6632124352331606,0.7568627450980392
tumbleweed,#deaa88,0.065891472868217,0.3873873873873874,0.8705882352941177
turkish_rose,#b57281,0.9626865671641792,0.3701657458563536,0.7098039215686275
turquoise,#30d5c8,0.4868686868686868,0.7746478873239436,0.8352941176470589
turquoise_blue,#00ffef,0.4895424836601307,1.0,1.0
turquoise_green,#a0d6b4,0.3950617283950617,0.2523364485981308,0.8392156862745098
tuscan_red,#7c4848,0.0,0.4193548387096774,0.4862745098039215
twilight_lavender,#8a496b,0.9128205128205128,0.4710144927536231,0.5411764705882353
tyrian_purple,#66023c,0.9033333333333332,0.9803921568627452,0.4
ua_blue,#03a,0.6166666666666667,1.0,0.6666666666666666
ua_red,#d9004c,0.9416282642089092,1.0,0.8509803921568627
ube,#8878c3,0.7022222222222222,0.3846153846153846,0.7647058823529411
ucla_blue,#536895,0.6136363636363636,0.4429530201342282,0.5843137254901961
ucla_gold,#ffb300,0.1169934640522875,1.0,1.0
ufo_green,#3cd070,0.3918918918918919,0.7115384615384615,0.8156862745098039
ultra_pink,#ff6fff,0.8333333333333334,0.5647058823529412,1.0
ultramarine,#120a8f,0.6766917293233083,0.93006993006993,0.5607843137254902
ultramarine_blue,#4166f5,0.6324074074074074,0.7346938775510204,0.9607843137254902
umber,#635147,0.0595238095238094,0.2828282828282828,0.388235294117647
unbleached_silk,#ffddca,0.059748427672956,0.207843137254902,1.0
united_nations_blue,#5b92e5,0.6002415458937198,0.6026200873362446,0.8980392156862745
university_of_california_gold,#b78727,0.1111111111111111,0.7868852459016393,0.7176470588235294
unmellow_yellow,#ff6,0.1666666666666666,0.6,1.0
up_forest_green,#014421,0.4129353233830846,0.9852941176470588,0.2666666666666666
up_maroon,#7b1113,0.9968553459119496,0.8617886178861789,0.4823529411764706
upsdell_red,#ae2029,0.98943661971831,0.8160919540229885,0.6823529411764706
urobilin,#e1ad21,0.1215277777777777,0.8533333333333334,0.8823529411764706
usafa_blue,#004f98,0.5800438596491228,1.0,0.596078431372549
usc_cardinal,#900,0.0,1.0,0.6
usc_gold,#fc0,0.1333333333333333,1.0,1.0
utah_crimson,#d3003f,0.9502369668246444,1.0,0.8274509803921568
vanilla,#f3e5ab,0.1342592592592593,0.2962962962962963,0.9529411764705882
vegas_gold,#c5b358,0.1391437308868501,0.5532994923857868,0.7725490196078432
venetian_red,#c80815,0.9887152777777778,0.96,0.7843137254901961
verdigris,#43b3ae,0.4925595238095239,0.6256983240223464,0.7019607843137254
vermilion_cinnabar,#e34234,0.0133333333333333,0.7709251101321587,0.8901960784313725
vermilion_plochere,#d9603b,0.0390295358649789,0.7281105990783411,0.8509803921568627
veronica,#a020f0,0.7692307692307692,0.8666666666666667,0.9411764705882352
violet,#8f00ff,0.7601307189542483,1.0,1.0
violet_blue,#324ab2,0.6354166666666666,0.7191011235955056,0.6980392156862745
violet_color_wheel,#7f00ff,0.7496732026143791,1.0,1.0
violet_ryb,#8601af,0.7940613026819924,0.9942857142857144,0.6862745098039216
violet_web,#ee82ee,0.8333333333333334,0.453781512605042,0.9333333333333332
viridian,#40826d,0.4469696969696969,0.5076923076923077,0.5098039215686274
vivid_auburn,#922724,0.0045454545454545,0.7534246575342466,0.5725490196078431
vivid_burgundy,#9f1d35,0.9692307692307692,0.8176100628930817,0.6235294117647059
vivid_cerise,#da1d81,0.9118165784832452,0.8669724770642201,0.8549019607843137
vivid_tangerine,#ffa089,0.0324858757062146,0.4627450980392157,1.0
vivid_violet,#9f00ff,0.7705882352941176,1.0,1.0
warm_black,#004242,0.5,1.0,0.2588235294117647
waterspout,#a4f4f9,0.5098039215686274,0.3413654618473895,0.976470588235294
wenge,#645452,0.0185185185185184,0.1799999999999999,0.392156862745098
wheat,#f5deb3,0.1085858585858586,0.2693877551020409,0.9607843137254902
white,#fff,0.0,0.0,1.0
white_smoke,#f5f5f5,0.0,0.0,0.9607843137254902
wild_blue_yonder,#a2add0,0.6268115942028986,0.2211538461538462,0.8156862745098039
wild_strawberry,#ff43a4,0.9140070921985816,0.7372549019607844,1.0
wild_watermelon,#fc6c85,0.9710648148148148,0.5714285714285714,0.9882352941176472
wine,#722f37,0.9800995024875622,0.587719298245614,0.4470588235294118
wine_dregs,#673147,0.9320987654320988,0.5242718446601942,0.403921568627451
wisteria,#c9a0dc,0.7805555555555556,0.2727272727272727,0.8627450980392157
wood_brown,#c19a6b,0.0910852713178294,0.4455958549222797,0.7568627450980392
xanadu,#738678,0.3771929824561403,0.1417910447761194,0.5254901960784314
yale_blue,#0f4d92,0.5877862595419847,0.8972602739726027,0.5725490196078431
yellow,#ff0,0.1666666666666666,1.0,1.0
yellow_green,#9acd32,0.221505376344086,0.7560975609756098,0.803921568627451
yellow_munsell,#efcc00,0.1422594142259414,1.0,0.9372549019607844
yellow_ncs,#ffd300,0.1379084967320261,1.0,1.0
yellow_orange,#ffae42,0.0952380952380952,0.7411764705882353,1.0
yellow_process,#ffef00,0.1562091503267973,1.0,1.0
yellow_ryb,#fefe33,0.1666666666666666,0.7992125984251969,0.996078431372549
zaffre,#0014a8,0.6468253968253969,1.0,0.6588235294117647
zinnwaldite_brown,#2c1608,0.0648148148148148,0.8181818181818182,0.1725490196078431
